{
  "hardware": {
    "cpu": "arm",
    "ram_gb": 32.0,
    "os": "Darwin 25.3.0"
  },
  "timestamp": "2026-03-31T22:18:58.866491+00:00",
  "results": {
    "trim_silence_2s": {
      "p50": 0.0006136249867267907,
      "p95": 0.000746913201874122,
      "p99": 0.0009657875262200833
    },
    "trim_silence_15s": {
      "p50": 0.004592624492943287,
      "p95": 0.005039696232415732,
      "p99": 0.007816750445635992
    },
    "trim_silence_60s": {
      "p50": 0.018334041524212807,
      "p95": 0.018862695526331665,
      "p99": 0.019010790198808535
    },
    "compute_speech_ratio_2s": {
      "p50": 0.0002023124834522605,
      "p95": 0.00023233299143612382,
      "p99": 0.0002894565684255213
    },
    "compute_speech_ratio_15s": {
      "p50": 0.0015889584901742637,
      "p95": 0.0017650395922828466,
      "p99": 0.0018699063418898731
    },
    "compute_speech_ratio_60s": {
      "p50": 0.006456103990785778,
      "p95": 0.006843705900246277,
      "p99": 0.0069607474619988365
    },
    "resample_linear_2s": {
      "p50": 0.00038614601362496614,
      "p95": 0.0004294815589673817,
      "p99": 0.0004975341935642069
    },
    "resample_linear_15s": {
      "p50": 0.002924687461927533,
      "p95": 0.003035510453628376,
      "p99": 0.0031159496959298856
    },
    "resample_linear_60s": {
      "p50": 0.011969228915404528,
      "p95": 0.012323720811400561,
      "p99": 0.016680884554516523
    }
  }
}