{
  "hardware": {
    "cpu": "arm",
    "ram_gb": 32.0,
    "os": "Darwin 25.3.0"
  },
  "timestamp": "2026-03-31T22:32:51.542420+00:00",
  "results": {
    "trim_silence_2s": {
      "p50": 3.237504279240966e-05,
      "p95": 3.6617281148210167e-05,
      "p99": 3.9302863879129294e-05
    },
    "trim_silence_15s": {
      "p50": 0.00019087502732872963,
      "p95": 0.00020304760546423494,
      "p99": 0.0002115173859056086
    },
    "trim_silence_60s": {
      "p50": 0.0007705205352976918,
      "p95": 0.0008062330016400665,
      "p99": 0.0008383417909499258
    },
    "compute_speech_ratio_2s": {
      "p50": 3.220798680558801e-05,
      "p95": 3.30499024130404e-05,
      "p99": 3.596135531552136e-05
    },
    "compute_speech_ratio_15s": {
      "p50": 0.00019797898130491376,
      "p95": 0.00020407918491400777,
      "p99": 0.00020900043658912183
    },
    "compute_speech_ratio_60s": {
      "p50": 0.0008731044363230467,
      "p95": 0.0009450747340451925,
      "p99": 0.0009635190095286819
    },
    "resample_linear_2s": {
      "p50": 0.00038572947960346937,
      "p95": 0.00040031842072494326,
      "p99": 0.00040925291134044536
    },
    "resample_linear_15s": {
      "p50": 0.0028743749717250466,
      "p95": 0.0029045312490779906,
      "p99": 0.003235361125553028
    },
    "resample_linear_60s": {
      "p50": 0.011535854486282915,
      "p95": 0.01188614167040214,
      "p99": 0.011973807784961548
    }
  }
}