{
  "hardware": {
    "cpu": "arm",
    "ram_gb": 32.0,
    "os": "Darwin 25.3.0"
  },
  "timestamp": "2026-03-31T22:53:36.004589+00:00",
  "results": {
    "trim_silence_2s": {
      "p50": 3.450002986937761e-05,
      "p95": 3.7347595207393165e-05,
      "p99": 3.826750093139709e-05
    },
    "trim_silence_15s": {
      "p50": 0.00018912501400336623,
      "p95": 0.0002007003640756011,
      "p99": 0.00023496224312111988
    },
    "trim_silence_60s": {
      "p50": 0.0007812915137037635,
      "p95": 0.0010078714112751184,
      "p99": 0.0020812138251494828
    },
    "compute_speech_ratio_2s": {
      "p50": 3.147951792925596e-05,
      "p95": 3.7309725303202865e-05,
      "p99": 8.32875701598828e-05
    },
    "compute_speech_ratio_15s": {
      "p50": 0.0001921460498124361,
      "p95": 0.00024149437085725365,
      "p99": 0.0002763028314802797
    },
    "compute_speech_ratio_60s": {
      "p50": 0.0008550629136152565,
      "p95": 0.0008783996687270701,
      "p99": 0.0009897540113888682
    },
    "resample_linear_2s": {
      "p50": 0.0004087090492248535,
      "p95": 0.0004156583978328854,
      "p99": 0.00041942377109080556
    },
    "resample_linear_15s": {
      "p50": 0.003053229534998536,
      "p95": 0.003190610121237114,
      "p99": 0.0032930664496961994
    },
    "resample_linear_60s": {
      "p50": 0.012236270995344967,
      "p95": 0.013255801459308714,
      "p99": 0.01359640293638222
    }
  }
}